id_cliente,nome,email,cidade,estado
1,Gael Silveira,hmoura@example.net,Novaes,GO
2,Sra. Helena Monteiro,eloahnogueira@example.org,Vargas de Goiás,RJ
3,Sr. João Lucas Santos,andradeotto@example.org,Sampaio,SP
4,Natália da Cunha,guilhermecaldeira@example.net,Barbosa,PB
5,Rebeca Azevedo,hcosta@example.net,Cirino da Prata,TO
6,Bruna Sampaio,wfernandes@example.net,Mendonça,DF
7,Breno Dias,marcelosampaio@example.com,Novaes do Sul,DF
8,Heloisa Guerra,vteixeira@example.org,Dias,MT
9,Melina Ferreira,rcamara@example.org,Fogaça de Costa,RR
10,Heitor Sousa,catarinafogaca@example.org,Nunes,SP
11,Mateus Montenegro,joao-gabriel24@example.net,Pinto,PA
12,Lavínia Macedo,isabela06@example.com,Martins de Almeida,SC
13,Maria Isis Costa,mpimenta@example.com,Cirino,SP
14,Ana Cecília Correia,maria-alicegarcia@example.net,Costa,DF
15,Clarice Duarte,isaque70@example.net,Guerra de Costa,RO
16,Caroline Pereira,beatrizvargas@example.org,Borges de Gomes,DF
17,Fernanda Ferreira,barbara90@example.com,Fogaça,ES
18,Pedro Lucas Silveira,maria-juliaalves@example.net,Rodrigues,AC
19,Emanuella Sá,henryda-paz@example.org,Pacheco Verde,AP
20,Dr. Antony Pereira,sampaioana-livia@example.com,Gonçalves,PE
21,Alice da Luz,evelynpeixoto@example.net,da Mata,SE
22,Liz Melo,bellasales@example.net,Aparecida dos Dourados,RN
23,Emilly Duarte,kfarias@example.net,Rios das Pedras,RR
24,Olivia Mendonça,montenegroclarice@example.com,Viana,GO
25,Luana Correia,jose-miguellopes@example.org,Cassiano,AP
26,Juan Aparecida,lara12@example.com,Novaes Alegre,DF
27,Henry Pires,ana-lizmoura@example.net,Silva do Campo,RJ
28,Isabel Garcia,lmonteiro@example.org,da Costa da Praia,AP
29,Brenda Rios,ferreiranatalia@example.org,Araújo,AP
30,Dr. Asafe Nascimento,stephany90@example.org,Montenegro,RO
31,Davi Lucas Correia,luigigarcia@example.org,Mendes Verde,MG
32,Marcelo Gomes,rezendemaria-liz@example.org,Rios da Prata,RR
33,Dra. Lavínia Cavalcanti,caua53@example.org,Cavalcante Verde,SE
34,Catarina Moraes,juliafreitas@example.com,da Cruz Alegre,RR
35,Liam Farias,paulofogaca@example.org,Viana,RO
36,Dr. Enzo Gabriel Castro,baragao@example.org,Casa Grande,MG
37,Enzo Gabriel Ribeiro,fonsecaisis@example.com,Ramos do Galho,PE
38,Laís Albuquerque,marianaaparecida@example.org,Rocha,SP
39,Arthur Miguel Câmara,wsa@example.com,Nunes,RR
40,Luiz Fernando Nunes,erick99@example.com,Cavalcante das Flores,ES
41,Alexia da Cunha,aylavieira@example.com,Campos Alegre,RN
42,Vitor Santos,marquesgabrielly@example.com,Costela,AP
43,Rodrigo Caldeira,pcamara@example.org,Cavalcante,RS
44,Yago Costa,wmachado@example.org,Pinto,SC
45,Pietra Barros,isisalves@example.net,Siqueira da Mata,RS
46,Anna Liz Nascimento,augustoribeiro@example.com,Castro das Pedras,RJ
47,Nathan Peixoto,luiz-felipe22@example.org,Nascimento do Campo,PB
48,Emilly Pimenta,duartebella@example.org,Araújo,SC
49,Stephany Mendes,novaisbrayan@example.com,Pastor de da Cunha,AM
50,Davi Luiz Lopes,gabrielly14@example.org,Sampaio,MT
51,Helena Rocha,nfogaca@example.org,Novais,MT
52,Amanda Borges,britonoah@example.org,Lima,RR
53,Sr. Dom Farias,lucas64@example.com,Ferreira das Pedras,RN
54,Davi Lucas Vargas,jcamargo@example.com,Moura da Prata,ES
55,Lucca Araújo,albuquerqueana-julia@example.net,Pastor,AC
56,Emanuelly Pinto,joao-guilherme28@example.net,Nogueira,SC
57,Eloah Barbosa,luiz-otavio19@example.org,Peixoto,RJ
58,Vicente Peixoto,monteirocarolina@example.org,Pereira,MG
59,Isabelly Siqueira,cecilia20@example.org,Melo da Serra,SP
60,João Vitor Cirino,ravysa@example.com,Mendonça de Pires,PI
61,Bruno Sá,valentina85@example.net,Teixeira,AC
62,Gustavo Carvalho,hellena64@example.com,Câmara,AP
63,Alexia Vargas,guilherme15@example.net,Farias do Galho,MG
64,Sarah Leão,opinto@example.net,Albuquerque Paulista,MT
65,Srta. Ana Vitória Gonçalves,vargasjosue@example.net,Sá,RR
66,Agatha Mendonça,sophia36@example.com,Moura,ES
67,Manuella Pinto,nicole53@example.net,Costa das Flores,PB
68,Sra. Hellena Correia,barrosmarcos-vinicius@example.net,Ferreira Alegre,MT
69,Maria Clara Fogaça,cassianohelena@example.org,Cassiano dos Dourados,AC
70,Theo Vieira,antonio52@example.com,Macedo de Pires,BA
71,Pedro Sá,nunesmanuela@example.net,Mendes,MS
72,Ágatha Pereira,ana-claraporto@example.org,Martins de da Costa,AP
73,Davi Miguel Nascimento,alexiavieira@example.org,Rios da Praia,DF
74,Sr. Bryan Porto,gomesmathias@example.org,Martins,AL
75,Thomas Almeida,moreiramaria-luiza@example.com,Lima do Sul,MT
76,Srta. Yasmin Pinto,maria-luisapinto@example.net,Mendes,CE
77,Ryan Cirino,manuellamachado@example.com,Barros da Serra,RO
78,Brenda Cirino,araujofernando@example.org,Montenegro,AM
79,Cecília Vargas,cabreu@example.com,Costa de Carvalho,RS
80,Davi Lucas Novaes,brodrigues@example.org,Rodrigues,PR
81,Renan Souza,benicioda-paz@example.com,da Costa,MG
82,Camila Sampaio,portovitor@example.net,Sousa,RO
83,Diego Rezende,rmachado@example.net,Viana,SE
84,Gustavo Guerra,vda-rosa@example.com,Cassiano,GO
85,Srta. Emilly Araújo,macedoantonella@example.org,Martins do Norte,AC
86,Alice Vasconcelos,ugoncalves@example.net,Viana das Flores,BA
87,Rhavi Macedo,camposcalebe@example.net,Carvalho das Pedras,RN
88,Gael Henrique Barbosa,maria-luisa81@example.org,Aragão,PB
89,Sra. Ana Liz Guerra,gabriela22@example.net,Almeida,SE
90,Emanuelly Castro,anthony-gabriel39@example.com,Mendonça da Mata,PB
91,Olivia Lopes,jduarte@example.com,Cardoso,SE
92,Dr. Yuri Mendes,maria-fernandacavalcanti@example.net,Borges de Macedo,RN
93,Dra. Olivia Sampaio,davi-lucca26@example.org,da Luz da Serra,RR
94,Ana Clara Silveira,ybarros@example.net,Nascimento,RR
95,Maria Luiza Martins,liamrezende@example.org,Casa Grande,AL
96,Lucca Cavalcante,zoecunha@example.net,Freitas do Sul,GO
97,Samuel Abreu,alicedias@example.com,Guerra,RR
98,Nicole Casa Grande,ramosvitor-hugo@example.com,da Paz,SC
99,Henry Gabriel da Cruz,maria-lizcamargo@example.com,Pires,AL
100,Alícia Oliveira,analopes@example.org,da Rocha,SE
101,Matheus Garcia,machadomaria-laura@example.net,Almeida da Serra,MA
102,Valentim Monteiro,isantos@example.org,Sá,PA
103,Manuela Novaes,falbuquerque@example.com,da Costa,PA
104,Sra. Stephany Duarte,davi-luiz46@example.org,Freitas de Minas,GO
105,Srta. Ana Julia Novaes,ccorreia@example.net,Lima Verde,MS
106,Júlia das Neves,xnovais@example.com,Albuquerque,MG
107,Oliver Oliveira,vasconcelosjoao-miguel@example.net,Pinto,RS
108,Brayan das Neves,xcosta@example.com,Moraes de Fernandes,DF
109,Ravi Lucca Mendonça,wazevedo@example.org,Oliveira,SP
110,Dr. Joaquim Cassiano,tmarques@example.com,Peixoto da Mata,MS
111,Allana Viana,maria-helenamontenegro@example.net,Barros Paulista,RN
112,Gustavo Alves,brunocavalcanti@example.com,Teixeira da Praia,AL
113,Vinicius Novais,isabel56@example.org,Aragão de Ribeiro,RO
114,Theo Aparecida,ravyramos@example.net,Pimenta,PA
115,Isis Moreira,casa-grandeana-vitoria@example.com,da Rosa,SP
116,Leonardo Souza,luiz-otavio93@example.com,Borges,PA
117,Ana Lívia Ferreira,miguel94@example.org,Freitas da Mata,DF
118,Ana Lívia da Cruz,leaorenan@example.net,Gonçalves,GO
119,Miguel da Paz,luiz-fernando24@example.com,Nunes,MS
120,Ravi Lucca Guerra,gabrielly08@example.com,Andrade,MA
121,Clara da Costa,catarina05@example.com,Sampaio,SE
122,Jade Siqueira,heitorsantos@example.net,Araújo de Teixeira,CE
123,Sra. Ana Laura da Cunha,vicentesa@example.com,da Mata,PA
124,Luara Martins,noahsilva@example.net,Rocha das Pedras,SP
125,Benicio Cunha,rafaeladias@example.com,Pacheco do Norte,RN
126,Luna Silveira,pietra72@example.net,Borges,SE
127,Liz Aragão,maria-clara24@example.com,Pastor do Sul,PI
128,Olivia Andrade,rafaelasouza@example.org,Marques,SP
129,Luiz Gustavo da Paz,ylopes@example.org,Garcia,RN
130,Anthony Correia,guilhermeribeiro@example.org,Porto,PB
131,Paulo Gonçalves,moraesalana@example.org,Rodrigues,RS
132,Beatriz Fonseca,luiz-fernandoduarte@example.org,Borges,GO
133,Erick Farias,pachecojuan@example.com,Dias de Caldeira,RJ
134,Raul Farias,lais42@example.com,Martins,ES
135,Brenda Almeida,vferreira@example.net,Brito,AP
136,Luara Barros,maysa13@example.org,Pereira Grande,AC
137,Igor Dias,salesmatteo@example.net,Pereira do Sul,MS
138,Aylla Moraes,ida-luz@example.com,Marques,MS
139,Oliver Monteiro,maria-isis81@example.com,Rios da Serra,PA
140,Thales Barros,da-pazmariana@example.org,Lopes de Rios,BA
141,Davi Ribeiro,leofreitas@example.net,Ramos de Sá,GO
142,Maria Clara Camargo,maria-florcostela@example.org,Oliveira de Freitas,SP
143,Dr. Ravy Alves,pedro-henrique46@example.org,Lima de Borges,PI
144,João Miguel das Neves,marianagoncalves@example.net,Aparecida,AC
145,Maria Luísa Oliveira,vianastephany@example.com,Montenegro de Teixeira,SE
146,Srta. Isabelly Andrade,souzaluana@example.net,Novais da Prata,SP
147,Lívia Cassiano,ana-vitoriamacedo@example.com,Machado,MG
148,Ryan Costela,enrico41@example.com,Almeida,PI
149,Aurora Freitas,henry34@example.net,Pastor da Praia,MT
150,Emilly Azevedo,josesilveira@example.com,Viana,SE
151,Olívia Novaes,guilhermeporto@example.net,Guerra,AC
152,Amanda Vieira,jcampos@example.org,Farias,SE
153,Dr. Oliver Nogueira,lais94@example.com,Cardoso do Galho,PB
154,Benjamim Rocha,joaquimcirino@example.net,da Luz,AP
155,Sr. Benício Rios,alvesmaria-luiza@example.net,Fernandes,SP
156,Vitória da Cunha,thales61@example.org,Camargo,GO
157,Sr. Enzo Gabriel Carvalho,kvargas@example.org,Martins do Sul,AL
158,Camila Azevedo,valentim18@example.org,Campos do Amparo,SP
159,Lorenzo Cavalcanti,maria-helena81@example.org,Pimenta do Campo,ES
160,Eduardo Leão,sophiecampos@example.net,Vieira da Prata,CE
161,Luara Pires,dcunha@example.net,Lopes do Galho,AL
162,Thales das Neves,casa-grandeluiz-gustavo@example.net,Costela,MT
163,Elisa Mendes,maria06@example.org,Peixoto Grande,MA
164,Benjamim da Cruz,fsampaio@example.org,Vargas dos Dourados,MT
165,Matteo Moura,laviniaabreu@example.net,Jesus,RR
166,Aylla da Rosa,noah43@example.net,da Costa,PR
167,Alice da Costa,danielda-cunha@example.com,da Paz dos Dourados,RR
168,Lívia Lopes,qsampaio@example.com,Jesus das Flores,AL
169,Sabrina Dias,camposmaite@example.org,Pastor de Minas,PA
170,Isaque Ribeiro,luiz-otavio86@example.net,Barbosa de Siqueira,RS
171,Esther Cavalcante,murilo11@example.net,Cavalcanti,RN
172,João Lucas Albuquerque,kgoncalves@example.org,Castro,PA
173,Rodrigo Ferreira,caiomartins@example.com,Oliveira,AL
174,Manuella Montenegro,yuri51@example.org,Guerra da Prata,TO
175,Luiz Gustavo Santos,vda-luz@example.com,Caldeira,AC
176,Davi Lucas Montenegro,maria-eduardada-paz@example.com,Albuquerque de Minas,SC
177,Sr. Cauê da Costa,cramos@example.com,Araújo,PE
178,Clarice Santos,enrico30@example.net,da Mota,MT
179,Cecília da Mata,hferreira@example.com,Freitas do Amparo,MT
180,Emilly Casa Grande,luiz-fernando12@example.net,Novaes Paulista,CE
181,Julia Ramos,martinsnina@example.org,Cardoso da Mata,RN
182,Maria Sophia Vasconcelos,marcela81@example.net,da Cunha de da Paz,AM
183,Brayan Cavalcante,dantefogaca@example.com,Melo,AM
184,Heloísa Borges,pastorluiz-gustavo@example.org,Marques,MG
185,Bruno Pimenta,isaquegoncalves@example.net,Moraes,RJ
186,Marcelo Novaes,das-nevesana-julia@example.net,da Costa da Serra,ES
187,Dr. Théo Brito,xvasconcelos@example.com,Andrade,RN
188,Benicio Abreu,qbrito@example.com,Rezende Paulista,PR
189,Apollo Barbosa,barbara03@example.net,Sampaio das Flores,MG
190,Eduardo Moura,alicecirino@example.org,Dias de Brito,AL
191,Alexia Duarte,ccarvalho@example.com,Vieira,AP
192,Sofia Almeida,nrezende@example.net,Correia Grande,AP
193,Maria Flor da Rocha,mariana34@example.org,Nascimento Paulista,PA
194,Pedro Miguel Novaes,falbuquerque@example.org,Fernandes,RN
195,Yan Sousa,danilo38@example.org,Borges,PA
196,Ana Sophia Dias,casa-grandemarcelo@example.com,Campos de Rodrigues,RN
197,Thomas Montenegro,elisa60@example.net,Câmara,PB
198,Theo Vasconcelos,mirellaguerra@example.com,Costela de Moura,AP
199,Dra. Isabela das Neves,qcosta@example.net,Aparecida,AL
200,Gustavo Lima,fernando32@example.org,Martins de Minas,DF
